<?xml version="1.0" encoding="UTF-8"?>

<udhrs>

  <udhr l='001'                uli=''               bcp47=''               ohchr='1121'   stage='2'  pdf='n' notes='n' loc=''               country=''   region=''            demo='n' n='(Bai Coca)'/>
  <udhr l='002'                uli=''               bcp47=''               ohchr='1122'   stage='2'  pdf='n' notes='n' loc=''               country=''   region=''            demo='n' n='(Chaa&#x0027;pala)'/>
  <udhr l='003'                uli=''               bcp47=''               ohchr='1123'   stage='2'  pdf='n' notes='n' loc=''               country=''   region=''            demo='n' n='(Pai Koka)'/>
  <udhr l='004'                uli=''               bcp47=''               ohchr='1124'   stage='2'  pdf='n' notes='n' loc=''               country=''   region=''            demo='n' n='(Sapara Atupama)'/>
  <udhr l='005'                uli=''               bcp47=''               ohchr='1125'   stage='2'  pdf='n' notes='n' loc=''               country=''   region=''            demo='n' n='(Shuar Chicham)'/>
  <udhr l='006'                uli=''               bcp47=''               ohchr='1126'   stage='2'  pdf='n' notes='n' loc=''               country=''   region=''            demo='n' n='(Sia Pedee)'/>
  <udhr l='007'                uli=''               bcp47=''               ohchr='1128'   stage='4'  pdf='y' notes='n' loc=''               country=''   region=''            demo='n' n='(Forro)'/>
  <udhr l='008'                uli=''               bcp47=''               ohchr=''       stage='4'  pdf='y' notes='n' loc=''               country=''   region=''            demo='n' n='(Crioulo da Guin&#x00E9;)'/>
  <udhr l='009'                uli=''               bcp47=''               ohchr=''       stage='4'  pdf='y' notes='n' loc=''               country=''   region=''            demo='n' n='(Kimbundo)'/>
  <udhr l='010'                uli=''               bcp47=''               ohchr=''       stage='4'  pdf='y' notes='n' loc=''               country=''   region=''            demo='n' n='(Tetum)'/>
  <udhr l='011'                uli=''               bcp47=''               ohchr=''       stage='4'  pdf='y' notes='n' loc=''               country=''   region=''            demo='n' n='(Umbundo)'/>
  <udhr l='abk'                uli='ab'             bcp47='ab'             ohchr='abk'    stage='4'  pdf='y' notes='y' loc='42,42'          country='GE' region='Asia'        demo='n' n='Abkhaz'/>
  <udhr l='ace'                uli='ace'            bcp47='ace'            ohchr='atj'    stage='4'  pdf='y' notes='n' loc='5,96'           country='ID' region='Asia'        demo='n' n='Aceh'/>
  <udhr l='acu'                uli='acu'            bcp47=''               ohchr='acu'    stage='4'  pdf='y' notes='y' loc='-12.00,-77.00'  country='PE' region='Americas'    demo='n' n='Achuar-Shiwiar'/>
  <udhr l='ada'                uli='ada'            bcp47='ada'            ohchr='gac1'   stage='4'  pdf='y' notes='n' loc='6,0'            country='GH' region='Africa'      demo='n' n='Dangme'/>
  <udhr l='afr'                uli='af'             bcp47='af'             ohchr='afk'    stage='4'  pdf='y' notes='y' loc='-30,23'         country='ZA' region='Africa'      demo='n' n='Afrikaans'/>
  <udhr l='agr'                uli='agr'            bcp47=''               ohchr='agr'    stage='4'  pdf='y' notes='y' loc='-12.00,-76.50'  country='PE' region='Americas'    demo='n' n='Aguaruna'/>
  <udhr l='aii'                uli='aii'            bcp47=''               ohchr='aii'    stage='4'  pdf='n' notes='n' loc='33,44'          country='IQ' region='Asia'        demo='n' n='Assyrian Neo-Aramaic'/>
  <udhr l='ajg'                uli='ajg'            bcp47=''               ohchr='aja'    stage='4'  pdf='y' notes='n' loc='7,1.7'          country='BJ' region='Africa'      demo='n' n='Aja'/>
  <udhr l='aka' v='akuapem'    uli=''               bcp47='ak'             ohchr='tws1'   stage='4'  pdf='y' notes='n' loc='7,-1'           country='GH' region='Africa'      demo='n' n='Akan' nv='Akuapem'/>
  <udhr l='aka' v='asante'     uli='twi'            bcp47='ak'             ohchr='ass'    stage='4'  pdf='y' notes='n' loc='7,-2'           country='GH' region='Africa'      demo='n' n='Akan' nv='Asante'/>
  <udhr l='aka' v='fante'      uli='fat'            bcp47='ak'             ohchr='tws3'   stage='4'  pdf='y' notes='n' loc='6,-1'           country='GH' region='Africa'      demo='n' n='Akan' nv='Fante'/>
  <udhr l='als'                uli='sq'             bcp47='sq'             ohchr='aln'    stage='4'  pdf='y' notes='n' loc='40.5,21'        country='AL' region='Europe'      demo='n' n='Albanian, Tosk'/>
  <udhr l='amc'                uli='amc'            bcp47=''               ohchr='amc'    stage='4'  pdf='y' notes='n' loc='-10.5,-73'      country='PE' region='Americas'    demo='n' n='Amahuaca'/>
  <udhr l='ame'                uli='ame'            bcp47=''               ohchr='ame'    stage='4'  pdf='y' notes='y' loc='-10.5,-75.5'    country='PE' region='Americas'    demo='n' n='Yanesha&#x02BC;'/>
  <udhr l='amh'                uli='am'             bcp47='am'             ohchr='amh'    stage='4'  pdf='y' notes='n' loc='12,38'          country='ET' region='Africa'      demo='n' n='Amharic'/>
  <udhr l='amr'                uli='amr'            bcp47=''               ohchr='amr'    stage='4'  pdf='y' notes='n' loc='-12.5,-70.5'    country='PE' region='Americas'    demo='n' n='Amarakaeri'/>
  <udhr l='arb'                uli='ar'             bcp47='ar'             ohchr='arz'    stage='4'  pdf='y' notes='n' loc='25,45'          country='SA' region='Asia'        demo='y' n='Arabic, Standard'/>
  <udhr l='arl'                uli='arl'            bcp47=''               ohchr='arl'    stage='4'  pdf='y' notes='n' loc='-2,-75'         country='PE' region='Americas'    demo='n' n='Arabela'/>
  <udhr l='arn'                uli='arn'            bcp47='arn'            ohchr='aru'    stage='4'  pdf='y' notes='n' loc='-42,-72'        country='CL' region='Americas'    demo='n' n='Mapudungun'/>
  <udhr l='asm'                uli='as'             bcp47='as'             ohchr='asm'    stage='2'  pdf='n' notes='n' loc='26,93'          country='IN' region='Asia'        demo='n' n='Assamese'/>
  <udhr l='ast'                uli='ast'            bcp47='ast'            ohchr='aub'    stage='4'  pdf='y' notes='n' loc='43.5,-6'        country='ES' region='Europe'      demo='n' n='Asturian'/>
  <udhr l='auc'                uli=''               bcp47=''               ohchr='1127'   stage='2'  pdf='n' notes='n' loc='-1,-77'         country='EC' region='Americas'    demo='n' n='Waorani'/>
  <udhr l='auv'                uli='oc'             bcp47=''               ohchr='auv1'   stage='4'  pdf='y' notes='n' loc='45.0,3.1'       country='FR' region='Europe'      demo='n' n='Auvergnat'/>
  <udhr l='ayr'                uli='ay'             bcp47='ay'             ohchr='aym'    stage='4'  pdf='y' notes='n' loc='-16,-68'        country='BO' region='Americas'    demo='n' n='Aymara, Central'/>
  <udhr l='azj' v='cyrl'       uli='az-Cyrl'        bcp47='az-Cyrl'        ohchr='azb1'   stage='4'  pdf='y' notes='n' loc='51,40'          country='AZ' region='Asia'        demo='n' n='Azerbaijani, North' nv='Cyrillic'/>
  <udhr l='azj' v='latn'       uli='az-Latn'        bcp47='az-Latn'        ohchr='azb'    stage='4'  pdf='y' notes='n' loc='50,40'          country='AZ' region='Asia'        demo='n' n='Azerbaijani, North' nv='Latin'/>
  <udhr l='bam'                uli='bm'             bcp47='bm'             ohchr='bra'    stage='4'  pdf='y' notes='n' loc='15,-7'          country='ML' region='Africa'      demo='n' n='Bamanankan'/>
  <udhr l='ban'                uli='ban'            bcp47='ban'            ohchr='bzc'    stage='4'  pdf='y' notes='n' loc='-8.5,115'       country='ID' region='Asia'        demo='n' n='Bali'/>
  <udhr l='bba'                uli='bba'            bcp47=''               ohchr='bba'    stage='4'  pdf='y' notes='n' loc='10.2,2.6'       country='BJ' region='Africa'      demo='n' n='Baatonum'/>
  <udhr l='bci'                uli='bci'            bcp47=''               ohchr='bci'    stage='4'  pdf='y' notes='n' loc='7,-7'           country='CI' region='Africa'      demo='n' n='Baoulé'/>
  <udhr l='bcl'                uli='bik'            bcp47='bik'            ohchr='bkl'    stage='4'  pdf='y' notes='n' loc='14,124'         country='PH' region='Asia'        demo='n' n='Bicolano, Central'/>
  <udhr l='bel'                uli='be'             bcp47='be'             ohchr='ruw'    stage='4'  pdf='y' notes='y' loc='53,28'          country='BY' region='Europe'      demo='n' n='Belarusan'/>
  <udhr l='bem'                uli='bem'            bcp47='bem'            ohchr='bem'    stage='4'  pdf='y' notes='n' loc='-10,31'         country='ZM' region='Africa'      demo='n' n='Bemba'/>
  <udhr l='ben'                uli='bn'             bcp47='bn'             ohchr='bng'    stage='4'  pdf='y' notes='n' loc='24,90'          country='BD' region='Asia'        demo='y' n='Bengali'/>
  <udhr l='bgp'                uli='bal'            bcp47='bal'            ohchr='bgp'    stage='2'  pdf='n' notes='n' loc='28,66'          country='PK' region='Asia'        demo='n' n='Balochi, Eastern'/>
  <udhr l='bho'                uli='bho'            bcp47='bho'            ohchr='bhj'    stage='4'  pdf='y' notes='n' loc='25,86'          country='IN' region='Asia'        demo='n' n='Bhojpuri'/>
  <udhr l='bin'                uli='bin'            bcp47='bin'            ohchr='edo'    stage='4'  pdf='y' notes='n' loc='6.8,6'          country='NG' region='Africa'      demo='n' n='Edo'/>
  <udhr l='bis'                uli='bi'             bcp47='bi'             ohchr='bcy'    stage='4'  pdf='y' notes='n' loc='-17,168'        country='VU' region='Pacific'     demo='n' n='Bislama'/>
  <udhr l='blu'                uli='hnj'            bcp47=''              ohchr='blu'    stage='4'  pdf='y' notes='n' loc='27,104'         country='CN' region='Asia'        demo='n' n='Hmong Njua'/>
  <udhr l='boa'                uli='boa'            bcp47=''               ohchr='boa'    stage='4'  pdf='y' notes='n' loc='-2.5,-71.5'     country='PE' region='Americas'    demo='n' n='Bora'/>
  <udhr l='bod'                uli='bo'             bcp47='bo'             ohchr='tic'    stage='4'  pdf='y' notes='n' loc='30,90'          country='CN' region='Asia'        demo='y' n='Tibetan, Central'/>
  <udhr l='bos' v='cyrl'       uli='bs-Cyrl'        bcp47='bs-Cyrl'        ohchr='src4'   stage='4'  pdf='y' notes='n' loc='44,18'          country='BA' region='Europe'      demo='n' n='Bosnian' nv='Cyrillic'/>
  <udhr l='bos' v='latn'       uli='bs-Latn'        bcp47='bs-Latn'        ohchr='src1'   stage='4'  pdf='y' notes='n' loc='44,17'          country='BA' region='Europe'      demo='n' n='Bosnian' nv='Latin'/>
  <udhr l='bre'                uli='br'             bcp47='br'             ohchr='brt'    stage='4'  pdf='y' notes='n' loc='48.2,-3.5'      country='FR' region='Europe'      demo='n' n='Breton'/>
  <udhr l='btb'                uli='btb'            bcp47=''               ohchr='btb'    stage='4'  pdf='y' notes='n' loc='3,12'           country='CM' region='Africa'      demo='n' n='Beti'/>
  <udhr l='bug'                uli='bug'            bcp47='bug'            ohchr='bpr'    stage='4'  pdf='y' notes='n' loc='-4.5,120'       country='ID' region='Asia'        demo='n' n='Bugis'/>
  <udhr l='bul'                uli='bg'             bcp47='bg'             ohchr='blg'    stage='4'  pdf='y' notes='n' loc='43,25'          country='BG' region='Europe'      demo='n' n='Bulgarian'/>
  <udhr l='cab'                uli='cab'            bcp47=''               ohchr='cab'    stage='4'  pdf='y' notes='n' loc='15.8,-87'       country='HN' region='Americas'    demo='n' n='Garifuna'/>
  <udhr l='cak'                uli='cak'            bcp47=''               ohchr='cak1'   stage='4'  pdf='y' notes='n' loc='14.5,-91'       country='GT' region='Americas'    demo='n' n='Kaqchikel, Central'/>
  <udhr l='cat'                uli='ca'             bcp47='ca'             ohchr='cln'    stage='4'  pdf='y' notes='n' loc='41,1'           country='ES' region='Europe'      demo='n' n='Catalan-Valencian-Balear'/>
  <udhr l='cbr'                uli='cbr'            bcp47=''               ohchr='cbr'    stage='4'  pdf='y' notes='n' loc='-9,-75'         country='PE' region='Americas'    demo='n' n='Cashibo-Cacataibo'/>
  <udhr l='cbs'                uli='cbs'            bcp47=''               ohchr='cbs'    stage='4'  pdf='y' notes='n' loc='-10.5,-72'      country='PE' region='Americas'    demo='n' n='Cashinahua'/>
  <udhr l='cbt'                uli='cbt'            bcp47=''               ohchr='cbt'    stage='4'  pdf='y' notes='n' loc='-5.5,-77'       country='PE' region='Americas'    demo='n' n='Chayahuita'/>
  <udhr l='cbu'                uli='cbu'            bcp47=''               ohchr='cbu'    stage='4'  pdf='y' notes='n' loc='-4.5,-77'       country='PE' region='Americas'    demo='n' n='Candoshi-Shapra'/>
  <udhr l='ccx'                uli='za'             bcp47='za'             ohchr='ccx'    stage='4'  pdf='y' notes='n' loc='24,109'         country='CN' region='Asia'        demo='n' n='Zhuang, Northern'/>
  <udhr l='ceb'                uli='ceb'            bcp47='ceb'            ohchr='ceb'    stage='4'  pdf='y' notes='n' loc='10,124'         country='PH' region='Asia'        demo='n' n='Cebuano'/>
  <udhr l='ces'                uli='cs'             bcp47='cs'             ohchr='czc'    stage='4'  pdf='y' notes='n' loc='49.5,15'        country='CZ' region='Europe'      demo='n' n='Czech'/>
  <udhr l='cha'                uli='ch'             bcp47='ch'             ohchr='cjd'    stage='4'  pdf='y' notes='n' loc='13,144'         country='GU' region='Pacific'     demo='n' n='Chamorro'/>
  <udhr l='chj'                uli='chj'            bcp47=''               ohchr='chj'    stage='4'  pdf='y' notes='n' loc='18.0,-96.3'     country='MX' region='Americas'    demo='n' n='Chinantec, Ojitlán'/>
  <udhr l='chk'                uli='chk'            bcp47='chk'            ohchr='tru1'   stage='4'  pdf='y' notes='n' loc='8,152'          country='FM' region='Pacific'     demo='n' n='Chuukese'/>
  <udhr l='chr'                uli='chr'            bcp47='chr'            ohchr=''       stage='1'  pdf='y' notes='n' loc='35,-95'         country='US' region='Americas'    demo='y' n='Cherokee'/>
  <udhr l='cic'                uli='cic'            bcp47=''               ohchr='cic'    stage='4'  pdf='y' notes='n' loc='34.5,-97'       country='US' region='Americas'    demo='n' n='Chickasaw'/>
  <udhr l='cjk'                uli='cjk'            bcp47=''               ohchr='cjk'    stage='4'  pdf='y' notes='n' loc='-10,23'         country='CD' region='Africa'      demo='n' n='Chokwe'/>
  <udhr l='cjk' v='AO'         uli='cjk'            bcp47=''               ohchr='cjk'    stage='4'  pdf='y' notes='n' loc='-10,20'         country='AO' region='Africa'      demo='n' n='Chokwe (Angola)'/>
  <udhr l='ckb'                uli='ku'             bcp47='ku'             ohchr='kdb1'   stage='4'  pdf='y' notes='n' loc='36,44'          country='IQ' region='Asia'        demo='n' n='Kurdish, Central'/>
  <udhr l='cmn' v='hans'       uli='zh-Hans'        bcp47='zh-Hans'        ohchr='chn'    stage='4'  pdf='y' notes='n' loc='35,115'         country='CN' region='Asia'        demo='y' n='Chinese, Mandarin (Simplified)'/>
  <udhr l='cmn' v='hant'       uli='zh-Hant'        bcp47='zh-Hant'        ohchr=''       stage='4'  pdf='y' notes='n' loc='24,121'         country='TW' region='Asia'        demo='n' n='Chinese, Mandarin (Traditional)'/>
  <udhr l='cnh'                uli='cnh'            bcp47=''               ohchr='hak'    stage='4'  pdf='y' notes='n' loc='25.5,95.5'      country='  ' region='Asia'        demo='n' n='Chin, Haka'/>
  <udhr l='cni'                uli='cni'            bcp47=''               ohchr='cni'    stage='4'  pdf='y' notes='n' loc='-12,-74'        country='PE' region='Americas'    demo='n' n='Asháninka'/>
  <udhr l='cof'                uli=''               bcp47=''               ohchr='cof'    stage='2'  pdf='n' notes='n' loc='-0.5,-79'       country='EC' region='Americas'    demo='n' n='Colorado'/>
  <udhr l='con'                uli=''               bcp47=''               ohchr='con'    stage='2'  pdf='n' notes='n' loc='0.5,-77'        country='EC' region='Americas'    demo='n' n='Cof&#x00E1;n'/>
  <udhr l='cos'                uli='co'             bcp47='co'             ohchr='coi'    stage='4'  pdf='y' notes='n' loc='42.1,9.0'       country='FR' region='Europe'      demo='n' n='Corsican'/>
  <udhr l='cot'                uli='cot'            bcp47=''               ohchr='cot'    stage='4'  pdf='y' notes='n' loc='-11.5,-73.5'    country='PE' region='Americas'    demo='n' n='Caquinte'/>
  <udhr l='cpu'                uli='cpu'            bcp47=''               ohchr='cpu'    stage='4'  pdf='y' notes='n' loc='-10.25,-74.5'   country='PE' region='Americas'    demo='n' n='Ashéninka, Pichis'/>
  <udhr l='crs'                uli='crs'            bcp47=''               ohchr='crs'    stage='4'  pdf='y' notes='n' loc='-4.75,55.5'     country='SC' region='Africa'      demo='n' n='Seselwa Creole French'/>
  <udhr l='csa'                uli='csa'            bcp47=''               ohchr='csa'    stage='4'  pdf='y' notes='n' loc='18.0,-95.8'     country='MX' region='Americas'    demo='n' n='Chinantec, Chiltepec'/>
  <udhr l='csw'                uli='csw'            bcp47='cr'             ohchr='crm'    stage='4'  pdf='y' notes='n' loc='55,-95'         country='CA' region='Americas'    demo='y' n='Cree, Swampy'/>
  <udhr l='ctd'                uli='ctd'            bcp47=''               ohchr='tid'    stage='4'  pdf='y' notes='n' loc='26,96'          country='  ' region='Asia'        demo='n' n='Chin, Tedim'/>
  <udhr l='cym'                uli='cy'             bcp47='cy'             ohchr='wls'    stage='4'  pdf='y' notes='n' loc='52.5,-4'        country='GB' region='Europe'      demo='n' n='Welsh'/>
  <udhr l='dag'                uli='dag'            bcp47=''               ohchr='dag'    stage='4'  pdf='y' notes='n' loc='9.5,-0.5'       country='GH' region='Africa'      demo='n' n='Dagbani'/>
  <udhr l='dan'                uli='da'             bcp47='da'             ohchr='dns'    stage='4'  pdf='y' notes='n' loc='56.5,9'         country='DK' region='Europe'      demo='n' n='Danish'/>
  <udhr l='ddn'                uli='ddn'            bcp47=''               ohchr='den'    stage='4'  pdf='y' notes='n' loc='11.6,3.4'       country='BJ' region='Africa'      demo='n' n='Dendi'/>
  <udhr l='deu' v='1901'       uli='de-1901'        bcp47='de-1901'        ohchr='ger'    stage='4'  pdf='y' notes='y' loc='50,9'           country='DE' region='Europe'      demo='n' n='German, Standard (1901)'/>
  <udhr l='deu' v='1996'       uli='de-1996'        bcp47='de-1996'        ohchr=''       stage='4'  pdf='y' notes='y' loc='50,10'          country='DE' region='Europe'      demo='n' n='German, Standard (1996)'/>
  <udhr l='dga'                uli='dga'            bcp47=''               ohchr='dga'    stage='4'  pdf='y' notes='n' loc='10.5,-2.5'      country='GH' region='Africa'      demo='n' n='Dagaare, Southern'/>
  <udhr l='dip'                uli='dip'            bcp47=''               ohchr='dinka'  stage='4'  pdf='y' notes='n' loc='10.2,32'        country='SU' region='Africa'      demo='n' n='Dinka, Northeastern'/>
  <udhr l='div'                uli='dv'             bcp47=''               ohchr='div'    stage='4'  pdf='y' notes='n' loc='4.17,75.31'     country='MV' region='Asia'        demo='y' n='Maldivian'/>
  <udhr l='dyo'                uli='dyo'            bcp47=''               ohchr='dyo'    stage='4'  pdf='y' notes='n' loc='13,-16.5'       country='SN' region='Africa'      demo='n' n='Jola-Fonyi'/>
  <udhr l='dzo'                uli='dz'             bcp47='dz'             ohchr='dzo'    stage='3'  pdf='y' notes='n' loc='27,90'          country='BT' region='Asia'        demo='n' n='Dzongkha'/>
  <udhr l='ell' v='monotonic'  uli='el-monoton'     bcp47='el-monoton'     ohchr='grk'    stage='4'  pdf='y' notes='n' loc='39,21'          country='GR' region='Europe'      demo='n' n='Greek (monotonic)'/>
  <udhr l='ell' v='polytonic'  uli='el-polyton'     bcp47='el-polyton'     ohchr=''       stage='4'  pdf='y' notes='n' loc='39,22'          country='GR' region='Europe'      demo='y' n='Greek (polytonic)'/>
  <udhr l='emk'                uli='emk'            bcp47=''               ohchr='mni'    stage='4'  pdf='y' notes='n' loc='11,-11.5'       country='GN' region='Africa'      demo='n' n='Maninkakan, Eastern'/>
  <udhr l='eml'                uli='eml'            bcp47=''               ohchr='eml'    stage='4'  pdf='y' notes='n' loc='44.5,11'        country='IT' region='Europe'      demo='n' n='Emiliano-Romagnolo'/>
  <udhr l='eng'                uli='en'             bcp47='en'             ohchr='eng'    stage='5'  pdf='y' notes='n' loc='52,0'           country='UK' region='Europe'      demo='y' n='English'/>
  <udhr l='epo'                uli='eo'             bcp47='eo'             ohchr='1115'   stage='4'  pdf='y' notes='n' loc='-75,00'         country='FR' region='Other'       demo='n' n='Esperanto'/>
  <udhr l='est'                uli='et'             bcp47='et'             ohchr='est'    stage='4'  pdf='y' notes='n' loc='59,26'          country='EE' region='Europe'      demo='n' n='Estonian'/>
  <udhr l='eus'                uli='eu'             bcp47='eu'             ohchr='bsq'    stage='4'  pdf='y' notes='n' loc='43,-2'          country='ES' region='Europe'      demo='n' n='Basque'/>
  <udhr l='eve'                uli='eve'            bcp47=''               ohchr='eve'    stage='4'  pdf='y' notes='n' loc='55,157'         country='RU' region='Asia'        demo='n' n='Even'/>
  <udhr l='ewe'                uli='ee'             bcp47='ee'             ohchr='ewe'    stage='4'  pdf='y' notes='n' loc='6,1'            country='GH' region='Africa'      demo='n' n='Éwé'/>
  <udhr l='fao'                uli='fo'             bcp47='fo'             ohchr='fae'    stage='4'  pdf='y' notes='n' loc='62,-7'          country='DK' region='Europe'      demo='n' n='Faroese'/>
  <udhr l='fij'                uli='fj'             bcp47='fj'             ohchr='fji'    stage='4'  pdf='y' notes='n' loc='-18,178'        country='FJ' region='Pacific'     demo='n' n='Fijian'/>
  <udhr l='fin'                uli='fi'             bcp47='fi'             ohchr='fin'    stage='4'  pdf='y' notes='n' loc='65,28'          country='FI' region='Europe'      demo='n' n='Finnish'/>
  <udhr l='flm'                uli='cfm'            bcp47=''               ohchr='fal'    stage='4'  pdf='y' notes='n' loc='25,95'          country='  ' region='Asia'        demo='n' n='Chin, Falam'/>
  <udhr l='fon'                uli='fon'            bcp47='fon'            ohchr='foa'    stage='4'  pdf='y' notes='n' loc='7.3,2.4'        country='BJ' region='Africa'      demo='n' n='Fon'/>
  <udhr l='fra'                uli='fr'             bcp47='fr'             ohchr='frn'    stage='5'  pdf='y' notes='y' loc='47.5,2.0'       country='FR' region='Europe'      demo='n' n='French'/>
  <udhr l='fri'                uli='fy'             bcp47='fy'             ohchr='fri'    stage='4'  pdf='y' notes='n' loc='53,6'           country='NL' region='Europe'      demo='n' n='Frisian, Western'/>
  <udhr l='fuc'                uli='fuc'            bcp47='ff'             ohchr='fum1'   stage='4'  pdf='y' notes='n' loc='15,-14'         country='SN' region='Africa'      demo='n' n='Pulaar'/>
  <udhr l='fur'                uli='fur'            bcp47='fur'            ohchr='frl'    stage='4'  pdf='y' notes='n' loc='46.5,13'        country='IT' region='Europe'      demo='n' n='Friulian'/>
  <udhr l='gaa'                uli='gaa'            bcp47='gaa'            ohchr='gac2'   stage='4'  pdf='y' notes='n' loc='5.5,-0.3'       country='GH' region='Africa'      demo='n' n='Ga'/>
  <udhr l='gag'                uli='gag'            bcp47=''               ohchr='gag'    stage='4'  pdf='y' notes='n' loc='47,29'          country='MD' region='Europe'      demo='n' n='Gagauz'/>
  <udhr l='gax'                uli='om'             bcp47='om'             ohchr='gax'    stage='4'  pdf='y' notes='n' loc='10.2,38.5'      country='ET' region='Africa'      demo='n' n='Oromo, Borana-Arsi-Guji'/>
  <udhr l='gjn'                uli='gjn'            bcp47=''               ohchr='dum'    stage='4'  pdf='y' notes='n' loc='9,-1'           country='GH' region='Africa'      demo='n' n='Gonja'/>
  <udhr l='gkp'                uli='kpe'            bcp47='kpe'            ohchr='gkp1'   stage='4'  pdf='y' notes='n' loc='8,-9'           country='GN' region='Africa'      demo='n' n='Kpelle, Guinea'/>
  <udhr l='gla'                uli='gd'             bcp47='gd'             ohchr='gls'    stage='4'  pdf='y' notes='n' loc='58,-6'          country='UK' region='Europe'      demo='n' n='Gaelic, Scottish'/>
  <udhr l='gle'                uli='ga'             bcp47='ga'             ohchr='gli1'   stage='4'  pdf='y' notes='n' loc='54,-10'         country='IE' region='Europe'      demo='n' n='Gaelic, Irish'/>
  <udhr l='glg'                uli='gl'             bcp47='gl'             ohchr='gln'    stage='4'  pdf='y' notes='n' loc='43,-8'          country='ES' region='Europe'      demo='n' n='Galician'/>
  <udhr l='guc'                uli='guc'            bcp47=''               ohchr='guc'    stage='4'  pdf='y' notes='n' loc='12,-72'         country='CO' region='Americas'    demo='n' n='Wayuu'/>
  <udhr l='gug'                uli='gn'             bcp47='gn'             ohchr='gun'    stage='4'  pdf='y' notes='n' loc='-24,-58'        country='PY' region='Americas'    demo='n' n='Guaraní, Paraguayan'/>
  <udhr l='guj'                uli='gu'             bcp47='gu'             ohchr='gjr'    stage='4'  pdf='y' notes='n' loc='23,72'          country='IN' region='Asia'        demo='y' n='Gujarati'/>
  <udhr l='gyr'                uli='gyr'            bcp47=''               ohchr='gua'    stage='4'  pdf='y' notes='n' loc='-16,-62'        country='  ' region='Americas'    demo='n' n='Guarayu'/>
  <udhr l='hat' v='kreyol'     uli='ht'             bcp47='ht'             ohchr='hat'    stage='4'  pdf='y' notes='n' loc='19,-72'         country='HT' region='Americas'    demo='n' n='Haitian Creole French' nv='Kreyol'/>
  <udhr l='hat' v='popular'    uli='ht'             bcp47='ht'             ohchr='hat1'   stage='4'  pdf='y' notes='n' loc='19,-73'         country='HT' region='Americas'    demo='n' n='Haitian Creole French' nv='Popular'/>
  <udhr l='hau' v='NE'         uli='ha-NE'          bcp47='ha-NE'          ohchr='gej'    stage='4'  pdf='y' notes='n' loc='15,6'           country='NE' region='Africa'      demo='n' n='Hausa (Niger)'/>
  <udhr l='hau' v='NG'         uli='ha-NG'          bcp47='ha-NG'          ohchr='gej'    stage='4'  pdf='y' notes='n' loc='12,6'           country='NG' region='Africa'      demo='n' n='Hausa (Nigeria)'/>
  <udhr l='haw'                uli='haw'            bcp47='haw'            ohchr='hwi'    stage='4'  pdf='y' notes='n' loc='20,-155'        country='US' region='Pacific'     demo='n' n='Hawaiian'/>
  <udhr l='hea'                uli='hea'            bcp47=''               ohchr='hea'    stage='4'  pdf='y' notes='n' loc='25,104'         country='CN' region='Asia'        demo='n' n='Hmong, Northern Qiandong'/>
  <udhr l='heb'                uli='he'             bcp47='he'             ohchr='hbr'    stage='4'  pdf='y' notes='n' loc='32,35'          country='IL' region='Asia'        demo='y' n='Hebrew'/>
  <udhr l='hil'                uli='hil'            bcp47='hil'            ohchr='hil'    stage='4'  pdf='y' notes='n' loc='11,123'         country='PH' region='Asia'        demo='n' n='Hiligaynon'/>
  <udhr l='hin'                uli='hi'             bcp47='hi'             ohchr='hnd'    stage='4'  pdf='y' notes='y' loc='28,77'          country='IN' region='Asia'        demo='y' n='Hindi'/>
  <udhr l='hms'                uli='hms'            bcp47=''               ohchr='hms'    stage='4'  pdf='y' notes='n' loc='25,107'         country='CN' region='Asia'        demo='n' n='Hmong, Southern Qiandong'/>
  <udhr l='hna'                uli='hna'            bcp47=''               ohchr='hna'    stage='4'  pdf='y' notes='n' loc='10.3,14'        country='CM' region='Africa'      demo='n' n='Mina'/>
  <udhr l='hni'                uli='hni'            bcp47=''               ohchr='hni'    stage='4'  pdf='y' notes='n' loc='24,101'         country='CN' region='Asia'        demo='n' n='Hani'/>
  <udhr l='hrv'                uli='hr'             bcp47='hr'             ohchr='src2'   stage='4'  pdf='y' notes='n' loc='46,17'          country='HR' region='Europe'      demo='n' n='Croatian'/>
  <udhr l='hsb'                uli='hsb'            bcp47='hsb'            ohchr='wee'    stage='4'  pdf='y' notes='n' loc='51,14'          country='DE' region='Europe'      demo='n' n='Sorbian, Upper'/>
  <udhr l='hun'                uli='hu'             bcp47='hu'             ohchr='hng'    stage='4'  pdf='y' notes='n' loc='47,18'          country='HU' region='Europe'      demo='n' n='Hungarian'/>
  <udhr l='hus'                uli='hus'            bcp47=''               ohchr='1118'   stage='4'  pdf='y' notes='n' loc='21.0,-98.0'     country='MX' region='Americas'    demo='n' n='Huastec, Veracruz'/>
  <udhr l='huu'                uli='huu'            bcp47=''               ohchr='huu'    stage='4'  pdf='y' notes='n' loc='-1.8,-73.5'     country='PE' region='Americas'    demo='n' n='Huitoto, Murui'/>
  <udhr l='hva'                uli='hva'            bcp47=''               ohchr='hva'    stage='4'  pdf='y' notes='n' loc='22.0,-99.0'     country='MX' region='Americas'    demo='n' n='Huastec, San Luís Potosí'/>
  <udhr l='hye'                uli='hy'             bcp47='hy'             ohchr='arm'    stage='4'  pdf='y' notes='n' loc='40,45'          country='AM' region='Asia'        demo='y' n='Armenian'/>
  <udhr l='ibb'                uli='ibb'            bcp47=''               ohchr='ibb'    stage='4'  pdf='y' notes='n' loc='5,7.5'          country='NG' region='Africa'      demo='n' n='Ibibio'/>
  <udhr l='ibo'                uli='ig'             bcp47='ig'             ohchr='igr'    stage='4'  pdf='y' notes='n' loc='6.5,7.5'        country='NG' region='Africa'      demo='n' n='Igbo'/>
  <udhr l='ido'                uli='io'             bcp47='io'             ohchr='1120'   stage='4'  pdf='y' notes='n' loc='-75,20'         country='  ' region='Other'       demo='n' n='Ido'/>
  <udhr l='iii'                uli='ii'             bcp47='ii'             ohchr='iii'    stage='3'  pdf='y' notes='n' loc='28,102'         country='CN' region='Asia'        demo='y' n='Yi, Sichuan'/>
  <udhr l='ike'                uli='iu'             bcp47='iu'             ohchr='esb'    stage='4'  pdf='y' notes='n' loc='65,-95'         country='CA' region='Americas'    demo='n' n='Inuktitut, Eastern Canadian'/>
  <udhr l='ilo'                uli='ilo'            bcp47=''               ohchr='ilo'    stage='4'  pdf='y' notes='n' loc='19,121'         country='PH' region='Asia'        demo='n' n='Ilocano'/>
  <udhr l='ina'                uli='ia'             bcp47='ia'             ohchr='1119'   stage='4'  pdf='y' notes='n' loc='-75,10'         country='FR' region='Other'       demo='n' n='Interlingua'/>
  <udhr l='ind'                uli='id'             bcp47='id'             ohchr='inz'    stage='4'  pdf='y' notes='n' loc='-5,105'         country='ID' region='Asia'        demo='n' n='Indonesian'/>
  <udhr l='isl'                uli='is'             bcp47='is'             ohchr='ice'    stage='4'  pdf='y' notes='n' loc='65,-20'         country='IS' region='Europe'      demo='n' n='Icelandic'/>
  <udhr l='ita'                uli='it'             bcp47='it'             ohchr='itn'    stage='4'  pdf='y' notes='n' loc='40,16'          country='IT' region='Europe'      demo='n' n='Italian'/>
  <udhr l='jav'                uli='jv'             bcp47='jv'             ohchr='jan'    stage='4'  pdf='y' notes='n' loc='-7,110'         country='ID' region='Asia'        demo='n' n='Javanese'/>
  <udhr l='jiv'                uli=''               bcp47=''               ohchr='jiv'    stage='2'  pdf='n' notes='n' loc='-3,78'          country='EC' region='Americas'    demo='n' n='Shuar'/>
  <udhr l='jpn'                uli='ja'             bcp47='ja'             ohchr='jpn'    stage='4'  pdf='y' notes='n' loc='37,140'         country='JA' region='Asia'        demo='y' n='Japanese'/>
  <udhr l='kal'                uli='kl'             bcp47='kl'             ohchr='esg'    stage='4'  pdf='y' notes='n' loc='63,-45'         country='GL' region='Americas'    demo='n' n='Inuktitut, Greenlandic'/>
  <udhr l='kan'                uli='kn'             bcp47='kn'             ohchr='kjv'    stage='4'  pdf='y' notes='n' loc='14,77'          country='IN' region='Asia'        demo='y' n='Kannada'/>
  <udhr l='kas'                uli='ks'             bcp47='ks'             ohchr='ksh'    stage='2'  pdf='n' notes='n' loc='32,75'          country='IN' region='Asia'        demo='n' n='Kashmiri'/>
  <udhr l='kat'                uli='ka'             bcp47='ka'             ohchr='geo'    stage='4'  pdf='y' notes='n' loc='43,41'          country='GE' region='Asia'        demo='y' n='Georgian'/>
  <udhr l='kaz'                uli='kk'             bcp47='kk'             ohchr='kaz'    stage='4'  pdf='y' notes='n' loc='48,76'          country='KZ' region='Asia'        demo='n' n='Kazakh'/>
  <udhr l='kbp'                uli='kbp'            bcp47=''               ohchr='kbp'    stage='4'  pdf='y' notes='n' loc='7,1'            country='TG' region='Africa'      demo='n' n='Kabiyé'/>
  <udhr l='kde'                uli='kde'            bcp47=''               ohchr='kde'    stage='4'  pdf='y' notes='n' loc='-10.5,39.5'     country='TZ' region='Africa'      demo='n' n='Makonde'/>
  <udhr l='kea'                uli=''               bcp47=''               ohchr='kea'    stage='4'  pdf='y' notes='n' loc='16,-22'         country='CV' region='Africa'      demo='n' n='Kabuverdianu'/>
  <udhr l='kek'                uli='kek'            bcp47=''               ohchr='1116'   stage='4'  pdf='y' notes='n' loc='14.50,-91.00'   country='GT' region='Americas'    demo='n' n='Q&apos;eqchi&apos;'/>
  <udhr l='khk'                uli='mn-Cyrl'        bcp47='mn-Cyrl'        ohchr='khk'    stage='4'  pdf='y' notes='n' loc='48,108'         country='MN' region='Asia'        demo='n' n='Mongolian, Halh (Cyrillic)'/>
  <udhr l='khk' v='mong'       uli='mn-Mong'        bcp47='mn-Mong'        ohchr=''       stage='1'  pdf='n' notes='n' loc='48,109'         country='MN' region='Asia'        demo='n' n='Mongolian, Halh (Mongolian)'/>
  <udhr l='khm'                uli='km'             bcp47='km'             ohchr='kmr'    stage='4'  pdf='n' notes='n' loc='12,105'         country='KH' region='Asia'        demo='y' n='Khmer, Central'/>
  <udhr l='kin'                uli='rw'             bcp47='rw'             ohchr='rua1'   stage='4'  pdf='y' notes='n' loc='-2,30'          country='RW' region='Africa'      demo='n' n='Rwanda'/>
  <udhr l='kir'                uli='ky'             bcp47='ky'             ohchr='kdo'    stage='4'  pdf='y' notes='n' loc='42,75'          country='KG' region='Asia'        demo='n' n='Kirghiz'/>
  <udhr l='kmb'                uli='kmb'            bcp47=''               ohchr='mlo'    stage='4'  pdf='y' notes='n' loc='-9,15'          country='AO' region='Africa'      demo='n' n='Mbundu'/>
  <udhr l='knc'                uli='knc'            bcp47=''               ohchr='kph'    stage='4'  pdf='y' notes='n' loc='12,13'          country='NG' region='Africa'      demo='n' n='Kanuri, Central'/>
  <udhr l='kng'                uli='kg'             bcp47='kg'             ohchr='kon'    stage='4'  pdf='y' notes='n' loc='-4,21'          country='CD' region='Africa'      demo='n' n='Koongo'/>
  <udhr l='kng' v='AO'         uli='kg'             bcp47='kg'             ohchr='kng'    stage='4'  pdf='y' notes='n' loc='-7,15'          country='AO' region='Africa'      demo='n' n='Koongo (Angola)'/>
  <udhr l='koo'                uli='koo'            bcp47=''               ohchr='koo1'   stage='4'  pdf='y' notes='n' loc='0,30'           country='UG' region='Africa'      demo='n' n='Konjo'/>
  <udhr l='kor'                uli='ko'             bcp47='ko'             ohchr='kkn'    stage='4'  pdf='y' notes='n' loc='36,128'         country='KR' region='Asia'        demo='y' n='Korean'/>
  <udhr l='kqn'                uli='kqn'            bcp47=''               ohchr='kqn'    stage='4'  pdf='y' notes='n' loc='-13,26'         country='ZM' region='Africa'      demo='n' n='Kaonde'/>
  <udhr l='kri'                uli='kri'            bcp47=''               ohchr='kri'    stage='4'  pdf='y' notes='n' loc='8.5,-13.2'      country='SL' region='Africa'      demo='n' n='Krio'/>
  <udhr l='ksw'                uli='ksw'            bcp47=''               ohchr='ksw'    stage='2'  pdf='n' notes='n' loc='24,96'          country='MM' region='Asia'        demo='n' n='Karen, S&apos;gaw'/>
  <udhr l='ktu'                uli='ktu'            bcp47=''               ohchr='ktu'    stage='4'  pdf='y' notes='n' loc='-7,28'          country='CD' region='Africa'      demo='n' n='Kituba'/>
  <udhr l='kwi'                uli=''               bcp47=''               ohchr='kwi'    stage='2'  pdf='n' notes='n' loc='1,-79'          country='CO' region='Americas'    demo='n' n='Awa-Cuaiquer'/>
  <udhr l='lao'                uli='lo'             bcp47='lo'             ohchr='nol'    stage='4'  pdf='y' notes='n' loc='19,103'         country='LA' region='Asia'        demo='y' n='Lao'/>
  <udhr l='lat'                uli='la'             bcp47='la'             ohchr='ltn'    stage='4'  pdf='y' notes='n' loc='41.9,13.1'      country='VA' region='Europe'      demo='n' n='Latin'/>
  <udhr l='lat' v='1'          uli='la'             bcp47='la'             ohchr='ltn1'   stage='4'  pdf='y' notes='n' loc='41.9,12.1'      country='VA' region='Europe'      demo='n' n='Latin' nv='1'/>
  <udhr l='lav'                uli='lv'             bcp47='lv'             ohchr='lat'    stage='4'  pdf='y' notes='n' loc='57,24'          country='LV' region='Europe'      demo='n' n='Latvian'/>
  <udhr l='lia'                uli='lia'            bcp47=''               ohchr='lia'    stage='4'  pdf='y' notes='n' loc='9.5,-12.3'      country='SL' region='Africa'      demo='n' n='Limba, West-Central'/>
  <udhr l='lin'                uli='ln'             bcp47='ln'             ohchr='lin'    stage='4'  pdf='y' notes='n' loc='-2,20'          country='CD' region='Africa'      demo='n' n='Lingala'/>
  <udhr l='lin' v='tones'      uli='ln'             bcp47='ln'             ohchr=''       stage='4'  pdf='y' notes='n' loc='-2,21'          country='CD' region='Africa'      demo='n' n='Lingala (tones)'/>
  <udhr l='lit'                uli='lt'             bcp47='lt'             ohchr='lit'    stage='4'  pdf='y' notes='n' loc='55,25'          country='LT' region='Europe'      demo='n' n='Lithuanian'/>
  <udhr l='lnc'                uli='oc'             bcp47=''               ohchr='prv1'   stage='4'  pdf='y' notes='n' loc='43.7,2.1'       country='FR' region='Europe'      demo='n' n='Languedocien'/>
  <udhr l='lns'                uli='lns'            bcp47=''               ohchr='nso'    stage='4'  pdf='y' notes='n' loc='6.2,10.6'       country='CM' region='Africa'      demo='n' n='Lamnso&apos;'/>
  <udhr l='loz'                uli='loz'            bcp47=''               ohchr='lbm1'   stage='4'  pdf='y' notes='n' loc='-16,23'         country='ZM' region='Africa'      demo='n' n='Lozi'/>
  <udhr l='ltz'                uli='lb'             bcp47='lb'             ohchr='lux'    stage='4'  pdf='y' notes='n' loc='49.5,6.2'       country='LU' region='Europe'      demo='n' n='Luxembourgeois'/>
  <udhr l='lua'                uli='lua'            bcp47=''               ohchr='lub'    stage='4'  pdf='y' notes='n' loc='-6,22'          country='CD' region='Africa'      demo='n' n='Luba-Kasai'/>
  <udhr l='lue'                uli='lue'            bcp47=''               ohchr='lue'    stage='4'  pdf='y' notes='n' loc='-14,23'         country='ZM' region='Africa'      demo='n' n='Luvale'/>
  <udhr l='lug'                uli='lg'             bcp47='lg'             ohchr='lap1'   stage='4'  pdf='y' notes='n' loc='0.5,32'         country='UG' region='Africa'      demo='n' n='Ganda'/>
  <udhr l='lun'                uli='lun'            bcp47='lun'            ohchr='mlo1'   stage='4'  pdf='y' notes='n' loc='-12,25'         country='ZM' region='Africa'      demo='n' n='Lunda'/>
  <udhr l='mad'                uli='mad'            bcp47='mad'            ohchr='mhj'    stage='4'  pdf='y' notes='n' loc='-7,113.5'       country='ID' region='Asia'        demo='n' n='Madura'/>
  <udhr l='mag'                uli='mag'            bcp47='mag'            ohchr='mqm'    stage='4'  pdf='y' notes='n' loc='24,84'          country='IN' region='Asia'        demo='n' n='Magahi'/>
  <udhr l='mah'                uli='mh'             bcp47='mh'             ohchr='mzm'    stage='4'  pdf='y' notes='n' loc='7,173'          country='MH' region='Pacific'     demo='n' n='Marshallese'/>
  <udhr l='mai'                uli='mai'            bcp47=''               ohchr=''       stage='4'  pdf='y' notes='n' loc='26.4,86.1'      country='IN' region='Asia'        demo='n' n='Maithili'/>
  <udhr l='mal'                uli='ml'             bcp47='ml'             ohchr='mjs'    stage='4'  pdf='n' notes='n' loc='9,77'           country='IN' region='Asia'        demo='n' n='Malayalam'/>
  <udhr l='mam'                uli='mam'            bcp47=''               ohchr='mam'    stage='4'  pdf='y' notes='n' loc='15.5,-92'       country='GT' region='Americas'    demo='n' n='Mam, Northern'/>
  <udhr l='mar'                uli='mr'             bcp47='mr'             ohchr='mrt'    stage='4'  pdf='y' notes='n' loc='19,74'          country='IN' region='Asia'        demo='n' n='Marathi'/>
  <udhr l='maz'                uli='maz'            bcp47=''               ohchr='maz'    stage='4'  pdf='y' notes='n' loc='19.8,-100.0'    country='MX' region='Americas'    demo='n' n='Mazahua Central'/>
  <udhr l='mcd'                uli='mcd'            bcp47=''               ohchr='mcd'    stage='4'  pdf='y' notes='n' loc='-10,-70'        country='PE' region='Americas'    demo='n' n='Sharanahua'/>
  <udhr l='mcf'                uli='mcf'            bcp47=''               ohchr='mcf'    stage='4'  pdf='y' notes='n' loc='-5.5,-73'       country='PE' region='Americas'    demo='n' n='Matsés'/>
  <udhr l='men'                uli='men'            bcp47='men'            ohchr='mfy'    stage='4'  pdf='y' notes='n' loc='7.5,-11.5'      country='SL' region='Africa'      demo='n' n='Mende'/>
  <udhr l='mic'                uli='mic'            bcp47='mic'            ohchr='mic'    stage='4'  pdf='y' notes='n' loc='46,-67'         country='CA' region='Americas'    demo='n' n='Micmac'/>
  <udhr l='min'                uli='min'            bcp47=''               ohchr='mpu'    stage='4'  pdf='y' notes='n' loc='0,100'          country='ID' region='Asia'        demo='n' n='Minangkabau'/>
  <udhr l='miq'                uli='miq'            bcp47=''               ohchr='miq'    stage='4'  pdf='y' notes='n' loc='14,-83.5'       country='NI' region='America'     demo='n' n='Mískito'/>
  <udhr l='mkd'                uli='mk'             bcp47='mk'             ohchr='mkj'    stage='4'  pdf='y' notes='n' loc='42,22'          country='MK' region='Europe'      demo='n' n='Macedonian'/>
  <udhr l='mlt'                uli='mt'             bcp47='mt'             ohchr='mls'    stage='4'  pdf='y' notes='n' loc='35.9,14.5'      country='MT' region='Europe'      demo='n' n='Maltese'/>
  <udhr l='mly' v='arab'       uli='ms-Arab'        bcp47='ms-Arab'        ohchr=''       stage='4'  pdf='y' notes='n' loc='4,102'          country='MY' region='Asia'        demo='n' n='Malay (Arabic)'/>
  <udhr l='mly' v='latn'       uli='ms-Latn'        bcp47='ms-Latn'        ohchr='mli'    stage='4'  pdf='y' notes='n' loc='5,102'          country='MY' region='Asia'        demo='n' n='Malay (Latin)'/>
  <udhr l='mos'                uli='mos'            bcp47=''               ohchr='mhm'    stage='4'  pdf='y' notes='n' loc='13,-1'          country='BF' region='Africa'      demo='n' n='Mòoré'/>
  <udhr l='mri'                uli='mi'             bcp47='mi'             ohchr='mbf'    stage='4'  pdf='y' notes='n' loc='-38,176'        country='NZ' region='Pacific'     demo='n' n='Maori'/>
  <udhr l='mve'                uli='mwr'            bcp47='mwr'            ohchr='mkd'    stage='2'  pdf='n' notes='n' loc='27,70'          country='PK' region='Asia'        demo='n' n='Marwari'/>
  <udhr l='mxi'                uli='mxi'            bcp47=''               ohchr='moz'    stage='4'  pdf='y' notes='n' loc='38,-4'          country='  ' region='Europe'      demo='n' n='Mozarabic'/>
  <udhr l='mxv'                uli='mxv'            bcp47=''               ohchr='mxv'    stage='4'  pdf='y' notes='n' loc='17.0,-98.5'     country='MX' region='Americas'    demo='n' n='Mixtec, Metlatónoc'/>
  <udhr l='mya'                uli='my'             bcp47='my'             ohchr='bms'    stage='4'  pdf='y' notes='n' loc='22,95'          country='MM' region='Asia'        demo='y' n='Burmese'/>
  <udhr l='mzi'                uli='mzi'            bcp47=''               ohchr='mao'    stage='4'  pdf='y' notes='n' loc='18.2,-96.5'     country='MX' region='Americas'    demo='n' n='Mazatec, Ixcatlán'/>
  <udhr l='nav'                uli='nv'             bcp47='nv'             ohchr='nav'    stage='4'  pdf='y' notes='n' loc='36,-110'        country='US' region='Americas'    demo='n' n='Navajo'/>
  <udhr l='nba'                uli='nba'            bcp47=''               ohchr='nba'    stage='4'  pdf='y' notes='n' loc='-16,18'         country='AO' region='Africa'      demo='n' n='Nyemba'/>
  <udhr l='nbl'                uli='nr'             bcp47='nr'             ohchr='nel'    stage='4'  pdf='y' notes='n' loc='-32,28'         country='ZA' region='Africa'      demo='n' n='Ndebele'/>
  <udhr l='ndo'                uli='ng'             bcp47='ng'             ohchr='1114'   stage='4'  pdf='y' notes='n' loc='-22,17'         country='NA' region='Africa'      demo='n' n='Ndonga'/>
  <udhr l='nep'                uli='ne'             bcp47='ne'             ohchr='nep'    stage='4'  pdf='y' notes='n' loc='27.5,85'        country='NP' region='Asia'        demo='n' n='Nepali'/>
  <udhr l='nhn'                uli='nah'            bcp47='nah'            ohchr='nhn'    stage='4'  pdf='y' notes='n' loc='19.0,-98.2'     country='MX' region='Americas'    demo='n' n='Nahuatl, Central'/>
  <udhr l='nld'                uli='nl'             bcp47='nl'             ohchr='dut'    stage='4'  pdf='y' notes='n' loc='52,5'           country='NL' region='Europe'      demo='n' n='Dutch'/>
  <udhr l='nno'                uli='nn'             bcp47='nn'             ohchr='nrn'    stage='4'  pdf='y' notes='n' loc='61,11'          country='NO' region='Europe'      demo='n' n='Norwegian, Nynorsk'/>
  <udhr l='nob'                uli='nb'             bcp47='nb'             ohchr='nrr'    stage='4'  pdf='y' notes='n' loc='61,8'           country='NO' region='Europe'      demo='n' n='Norwegian, Bokmål'/>
  <udhr l='not'                uli='not'            bcp47=''               ohchr='not'    stage='4'  pdf='y' notes='n' loc='-10.8,-74.2'    country='PE' region='Americas'    demo='n' n='Nomatsiguenga'/>
  <udhr l='nso'                uli='nso'            bcp47='nso'            ohchr='srt'    stage='4'  pdf='y' notes='n' loc='-29,28'         country='ZA' region='Africa'      demo='n' n='Sotho, Northern'/>
  <udhr l='nya' v='chechewa'   uli='ny'             bcp47=''               ohchr='nyj1'   stage='4'  pdf='y' notes='n' loc='-14,34'         country='MW' region='Africa'      demo='n' n='Nyanja' nv='Chechewa'/>
  <udhr l='nya' v='chinyanja'  uli='ny'             bcp47=''               ohchr='nyj'    stage='4'  pdf='y' notes='n' loc='-13,33.5'       country='MW' region='Africa'      demo='n' n='Nyanja' nv='Chinyanja'/>
  <udhr l='nym'                uli='nym'            bcp47='nym'            ohchr='nyz'    stage='4'  pdf='y' notes='n' loc='-5,33'          country='TZ' region='Africa'      demo='n' n='Nyamwezi'/>
  <udhr l='nyn'                uli='nyn'            bcp47='nyn'            ohchr='nyn1'   stage='4'  pdf='y' notes='n' loc='-0.5,30.5'      country='UG' region='Africa'      demo='n' n='Nyankore'/>
  <udhr l='nzi'                uli='nzi'            bcp47='nzi'            ohchr='nze'    stage='4'  pdf='y' notes='n' loc='5,-2.5'         country='GH' region='Africa'      demo='n' n='Nzema'/>
  <udhr l='ojb'                uli='oj'             bcp47='oj'             ohchr='ojb'    stage='4'  pdf='y' notes='n' loc='50,-85'         country='CA' region='Americas'    demo='n' n='Ojibwa, Northwestern'/>
  <udhr l='ori'                uli='or'             bcp47='or'             ohchr='ory'    stage='2'  pdf='n' notes='n' loc='18,82'          country='IN' region='Asia'        demo='n' n='Oriya'/>
  <udhr l='oss'                uli='os'             bcp47='os'             ohchr='ose'    stage='4'  pdf='y' notes='n' loc='43,42'          country='GE' region='Asia'        demo='n' n='Osetin'/>
  <udhr l='ote'                uli='ote'            bcp47=''               ohchr='1111'   stage='4'  pdf='y' notes='n' loc='20.1,-99.5'     country='MX' region='Americas'    demo='n' n='Otomi, Mezquital'/>
  <udhr l='pam'                uli='pam'            bcp47='pam'            ohchr='pmp'    stage='4'  pdf='y' notes='n' loc='15.5,120.5'     country='PH' region='Asia'        demo='n' n='Pampangan'/>
  <udhr l='pan'                uli='pa'             bcp47='pa'             ohchr='pnj1'   stage='4'  pdf='y' notes='n' loc='30,72'          country='PK' region='Asia'        demo='y' n='Panjabi, Eastern'/>
  <udhr l='pau'                uli='pau'            bcp47='pau'            ohchr='plu'    stage='4'  pdf='y' notes='n' loc='8,135'          country='PW' region='Pacific'     demo='n' n='Palauan'/>
  <udhr l='pbb'                uli='pbb'            bcp47=''               ohchr='pbb'    stage='4'  pdf='y' notes='n' loc='2.5,-77'        country='CO' region='Americas'    demo='n' n='Páez'/>
  <udhr l='pbu'                uli='ps'             bcp47='ps'             ohchr='pbu'    stage='3'  pdf='y' notes='n' loc='32,68'          country='PK' region='Asia'        demo='n' n='Pashto, Northern'/>
  <udhr l='pcd'                uli='pcd'            bcp47=''               ohchr='frn2'   stage='4'  pdf='y' notes='n' loc='50.0,2.5'       country='FR' region='Europe'      demo='n' n='Picard'/>
  <udhr l='pcm'                uli='pcm'            bcp47=''               ohchr='pcm'    stage='4'  pdf='y' notes='n' loc='5,6'            country='NG' region='Africa'      demo='n' n='Pidgin, Nigerian'/>
  <udhr l='pes' v='1'          uli='fa'             bcp47='fa'             ohchr='prs'    stage='4'  pdf='y' notes='n' loc='35,56'          country='IR' region='Asia'        demo='n' n='Farsi, Western' nv='1'/>
  <udhr l='pes' v='2'          uli='fa'             bcp47='fa'             ohchr='prs1'   stage='4'  pdf='y' notes='n' loc='35,55'          country='IR' region='Asia'        demo='n' n='Farsi, Western' nv='2'/>
  <udhr l='pis'                uli='pis'            bcp47=''               ohchr='pis'    stage='4'  pdf='y' notes='n' loc='-10,160'        country='SB' region='Pacific'     demo='n' n='Pijin'/>
  <udhr l='plt'                uli='mg'             bcp47='mg'             ohchr='mex'    stage='4'  pdf='y' notes='n' loc='-20,49'         country='MG' region='Africa'      demo='n' n='Malagasy, Plateau'/>
  <udhr l='pnb'                uli='pnb'            bcp47=''               ohchr=''       stage='4'  pdf='y' notes='n' loc='30,71'          country='IN' region='Asia'        demo='n' n='Panjabi, Western'/>
  <udhr l='pol'                uli='pl'             bcp47='pl'             ohchr='pql'    stage='4'  pdf='y' notes='n' loc='53,20'          country='PL' region='Europe'      demo='n' n='Polish'/>
  <udhr l='pon'                uli='pon'            bcp47='pon'            ohchr='pnf'    stage='4'  pdf='y' notes='n' loc='7,158'          country='FM' region='Pacific'     demo='n' n='Pohnpeian'/>
  <udhr l='por' v='BR'         uli='pt-BR'          bcp47='pt-BR'          ohchr=''       stage='5'  pdf='y' notes='n' loc='-15,-47'        country='BR' region='Americas'    demo='n' n='Portuguese (Brazil)'/>
  <udhr l='por' v='PT'         uli='pt-PT'          bcp47='pt-PT'          ohchr='por'    stage='5'  pdf='y' notes='n' loc='40,-8'          country='PT' region='Europe'      demo='n' n='Portuguese (Portugal)'/>
  <udhr l='pov'                uli='pov'            bcp47=''               ohchr='gbc'    stage='4'  pdf='y' notes='n' loc='12,-15'         country='  ' region='Africa'      demo='n' n='Crioulo, Upper Guinea'/>
  <udhr l='ppl'                uli='ppl'            bcp47=''               ohchr='ppl'    stage='4'  pdf='y' notes='n' loc='13.7,-89.5'     country='SV' region='Americas'    demo='n' n='Pipil'/>
  <udhr l='prq'                uli='prq'            bcp47=''               ohchr='cpp'    stage='4'  pdf='y' notes='n' loc='-11,-75'        country='PE' region='Americas'    demo='n' n='Ashéninka Perené'/>
  <udhr l='prv'                uli=''               bcp47=''               ohchr='pro'    stage='4'  pdf='y' notes='n' loc='43.7,5.5'       country='FR' region='Europe'      demo='n' n='Proven&#x00E7;al'/>
  <udhr l='pwo'                uli='pwo'            bcp47=''               ohchr='pwo'    stage='2'  pdf='n' notes='n' loc='24,95'          country='MM' region='Asia'        demo='n' n='Karen, Pwo Western'/>
  <udhr l='quc'                uli='quc'            bcp47=''               ohchr='1117'   stage='4'  pdf='y' notes='n' loc='14.50,-90.00'   country='GT' region='Americas'    demo='n' n='K&apos;iche&apos;, Central'/>
  <udhr l='qud'                uli='qud'            bcp47=''               ohchr='qud1'   stage='4'  pdf='y' notes='n' loc='-0.5,-78.5'     country='EC' region='Americas'    demo='n' n='Quichua, Calderón Highland'/>
  <udhr l='qug'                uli=''               bcp47=''               ohchr='qug'    stage='2'  pdf='n' notes='n' loc='-1,79'          country='EC' region='Americas'    demo='n' n='Quichua, Chimborazo Highland'/>
  <udhr l='quy'                uli='quy'            bcp47=''               ohchr='quy'    stage='4'  pdf='y' notes='n' loc='-14,-74'        country='PE' region='Americas'    demo='n' n='Quechua, Ayacucho'/>
  <udhr l='quz'                uli='quz'            bcp47=''               ohchr='quz'    stage='4'  pdf='y' notes='n' loc='-8,-76'         country='PE' region='Americas'    demo='n' n='Quechua, Cusco'/>
  <udhr l='qva'                uli='qva'            bcp47=''               ohchr='qeg'    stage='4'  pdf='y' notes='n' loc='-10.5,-76'      country='PE' region='Americas'    demo='n' n='Quechua, Ambo-Pasco'/>
  <udhr l='qvc'                uli='qvc'            bcp47=''               ohchr='qnt'    stage='4'  pdf='y' notes='n' loc='-7,-79'         country='PE' region='Americas'    demo='n' n='Quechua, Cajamarca'/>
  <udhr l='qvh'                uli='qvh'            bcp47=''               ohchr='qej'    stage='4'  pdf='y' notes='n' loc='-9,-76.5'       country='PE' region='Americas'    demo='n' n='Quechua, Huamalíes-Dos de Mayo Huánuco'/>
  <udhr l='qvm'                uli='qvm'            bcp47=''               ohchr='qei'    stage='4'  pdf='y' notes='n' loc='-10,-76.5'      country='PE' region='Americas'    demo='n' n='Quechua, Margos-Yarowilca-Lauricocha'/>
  <udhr l='qvn'                uli='qvn'            bcp47=''               ohchr='qju'    stage='4'  pdf='y' notes='n' loc='-11,-76'        country='PE' region='Americas'    demo='n' n='Quechua, North Junín'/>
  <udhr l='qwh'                uli='qwh'            bcp47=''               ohchr='qan'    stage='4'  pdf='y' notes='n' loc='-9,-78'         country='PE' region='Americas'    demo='n' n='Quechua, Huaylas Ancash'/>
  <udhr l='qxa'                uli='qxa'            bcp47=''               ohchr='qec1'   stage='4'  pdf='y' notes='n' loc='-10.5,-77'      country='PE' region='Americas'    demo='n' n='Quechua, Chiquián Ancash'/>
  <udhr l='qxn'                uli='qxn'            bcp47=''               ohchr='qed'    stage='4'  pdf='y' notes='n' loc='-15.5,-72.5'    country='PE' region='Americas'    demo='n' n='Quechua, Northern Conchucos Ancash'/>
  <udhr l='qxu'                uli='qxu'            bcp47=''               ohchr='qar'    stage='4'  pdf='y' notes='n' loc='-15.5,-73'      country='PE' region='Americas'    demo='n' n='Quechua, Arequipa-La Unión'/>
  <udhr l='rar'                uli='rar'            bcp47='rar'            ohchr='rrt'    stage='4'  pdf='y' notes='n' loc='-21,-175'       country='CK' region='Pacific'     demo='n' n='Rarotongan'/>
  <udhr l='rmn'                uli='rom'            bcp47=''               ohchr='rmn'    stage='4'  pdf='y' notes='n' loc='43.5,21'        country='CS' region='Europe'      demo='n' n='Romani, Balkan'/>
  <udhr l='rmn' v='1'          uli='rom'            bcp47=''               ohchr='rmn1'   stage='4'  pdf='y' notes='n' loc='43.5,20'        country='CS' region='Europe'      demo='n' n='Romani, Balkan' nv='1'/>
  <udhr l='rmy'                uli='rmy'            bcp47=''               ohchr='rmy1'   stage='4'  pdf='y' notes='n' loc='44,25'          country='RO' region='Europe'      demo='n' n='Romani, Vlax'/>
  <udhr l='roh'                uli='rm'             bcp47='rm'             ohchr='rhe'    stage='4'  pdf='y' notes='n' loc='46.5,9.8'       country='CH' region='Europe'      demo='n' n='Romansch'/>
  <udhr l='ron' v='1953'       uli='ro'             bcp47='ro'             ohchr='rum'    stage='4'  pdf='y' notes='y' loc='46,24'          country='RO' region='Europe'      demo='n' n='Romanian (1953)'/>
  <udhr l='ron' v='1993'       uli='ro'             bcp47='ro'             ohchr=''       stage='4'  pdf='y' notes='y' loc='46,25'          country='RO' region='Europe'      demo='n' n='Romanian (1993)'/>
  <udhr l='ron' v='2006'       uli='ro'             bcp47='ro'             ohchr=''       stage='4'  pdf='y' notes='y' loc='46,26'          country='RO' region='Europe'      demo='n' n='Romanian (2006)'/>
  <udhr l='run'                uli='rn'             bcp47='rn'             ohchr='rud1'   stage='4'  pdf='y' notes='n' loc='-4,30'          country='BI' region='Africa'      demo='n' n='Rundi'/>
  <udhr l='rus'                uli='ru'             bcp47='ru'             ohchr='rus'    stage='4'  pdf='y' notes='n' loc='55,45'          country='RU' region='Europe'      demo='y' n='Russian'/>
  <udhr l='sag'                uli='sg'             bcp47='sg'             ohchr='saj'    stage='4'  pdf='y' notes='n' loc='7,21'           country='CF' region='Africa'      demo='n' n='Sango'/>
  <udhr l='san'                uli='sa'             bcp47='sa'             ohchr='skt'    stage='4'  pdf='y' notes='n' loc='24,80'          country='IN' region='Americas'    demo='n' n='Sanskrit'/>
  <udhr l='sco'                uli=''               bcp47=''               ohchr='sco'    stage='4'  pdf='y' notes='n' loc='59,-2'          country='GB' region='Europe'      demo='n' n='Scots'/>
  <udhr l='shn'                uli='shn'            bcp47='shn'            ohchr='sjn'    stage='2'  pdf='n' notes='n' loc='22,99'          country='MM' region='Asia'        demo='n' n='Shan'/>
  <udhr l='shp'                uli='shp'            bcp47=''               ohchr='shp'    stage='4'  pdf='y' notes='n' loc='-8,-74.5'       country='PE' region='Americas'    demo='n' n='Shipibo-Conibo'/>
  <udhr l='sin'                uli='si'             bcp47='si'             ohchr='snh'    stage='2'  pdf='n' notes='n' loc='7,81'           country='LK' region='Asia'        demo='n' n='Sinhala'/>
  <udhr l='skr'                uli='skr'            bcp47=''               ohchr='skr'    stage='4'  pdf='y' notes='n' loc='28,70'          country='PK' region='Asia'        demo='n' n='Seraiki'/>
  <udhr l='slk'                uli='sk'             bcp47='sk'             ohchr='slo'    stage='4'  pdf='y' notes='n' loc='48,18'          country='SK' region='Europe'      demo='n' n='Slovak'/>
  <udhr l='slv'                uli='sl'             bcp47='sl'             ohchr='slv'    stage='4'  pdf='y' notes='n' loc='46,15'          country='SI' region='Europe'      demo='n' n='Slovenian'/>
  <udhr l='sme'                uli='se'             bcp47='se'             ohchr='lpi'    stage='4'  pdf='y' notes='n' loc='65,13'          country='NO' region='Europe'      demo='n' n='Saami, North'/>
  <udhr l='smo'                uli='sm'             bcp47='sm'             ohchr='smy'    stage='4'  pdf='y' notes='n' loc='-14,-172'       country='WS' region='Pacific'     demo='n' n='Samoan'/>
  <udhr l='sna'                uli='sn'             bcp47='sn'             ohchr='shd'    stage='4'  pdf='y' notes='n' loc='-19,31'         country='ZW' region='Africa'      demo='n' n='Shona'/>
  <udhr l='snd'                uli='sd'             bcp47='sd'             ohchr='snd'    stage='2'  pdf='n' notes='n' loc='25,68'          country='PK' region='Asia'        demo='n' n='Sindhi'/>
  <udhr l='snk'                uli='snk'            bcp47='snk'            ohchr='snn'    stage='4'  pdf='y' notes='n' loc='15,-9'          country='ML' region='Africa'      demo='n' n='Soninke'/>
  <udhr l='som'                uli='so'             bcp47='so'             ohchr='som'    stage='4'  pdf='y' notes='n' loc='10,50'          country='SO' region='Africa'      demo='n' n='Somali'/>
  <udhr l='sot'                uli='st'             bcp47='st'             ohchr='sso'    stage='4'  pdf='y' notes='n' loc='-20,29'         country='LS' region='Africa'      demo='n' n='Sotho, Southern'/>
  <udhr l='spa'                uli='es'             bcp47='es'             ohchr='spn'    stage='4'  pdf='y' notes='n' loc='40,-3'          country='ES' region='Europe'      demo='n' n='Spanish'/>
  <udhr l='src'                uli='sc'             bcp47='sc'             ohchr='srd'    stage='4'  pdf='y' notes='n' loc='40,9'           country='IT' region='Europe'      demo='n' n='Sardinian, Logudorese'/>
  <udhr l='srp' v='cyrl'       uli='sr-Cyrl'        bcp47='sr-Cyrl'        ohchr='src5'   stage='4'  pdf='y' notes='n' loc='42.5,21'        country='CS' region='Europe'      demo='n' n='Serbian' nv='Cyrillic'/>
  <udhr l='srp' v='latn'       uli='sr-Latn'        bcp47='sr-Latn'        ohchr='src3'   stage='4'  pdf='y' notes='n' loc='42.5,21'        country='CS' region='Europe'      demo='n' n='Serbian' nv='Latin'/>
  <udhr l='srr'                uli='srr'            bcp47=''               ohchr='ses'    stage='4'  pdf='y' notes='n' loc='14.2,-15.5'     country='SN' region='Africa'      demo='n' n='Serer-Sine'/>
  <udhr l='ssw'                uli='ss'             bcp47='ss'             ohchr='swz1'   stage='4'  pdf='y' notes='n' loc='-27,32'         country='SZ' region='Africa'      demo='n' n='Swati'/>
  <udhr l='suk'                uli='suk'            bcp47=''               ohchr='sua'    stage='4'  pdf='y' notes='n' loc='-2.5,33'        country='TZ' region='Africa'      demo='n' n='Sukuma'/>
  <udhr l='sun'                uli='su'             bcp47=''               ohchr='suo'    stage='4'  pdf='y' notes='n' loc='-7,108'         country='ID' region='Asia'        demo='n' n='Sunda'/>
  <udhr l='sus'                uli='sus'            bcp47=''               ohchr='sud'    stage='4'  pdf='y' notes='n' loc='10,-13'         country='GN' region='Africa'      demo='n' n='Susu'/>
  <udhr l='swe'                uli='sv'             bcp47='sv'             ohchr='swd'    stage='4'  pdf='y' notes='n' loc='60,15'          country='SE' region='Europe'      demo='n' n='Swedish'/>
  <udhr l='swh'                uli='sw'             bcp47='sw'             ohchr='swa'    stage='4'  pdf='y' notes='n' loc='-6,36'          country='TZ' region='Africa'      demo='n' n='Swahili'/>
  <udhr l='tah'                uli='ty'             bcp47='ty'             ohchr='tht'    stage='4'  pdf='y' notes='n' loc='-18,-149'       country='PF' region='Pacific'     demo='n' n='Tahitian'/>
  <udhr l='taj'                uli='taj'            bcp47=''               ohchr='taj'    stage='3'  pdf='y' notes='n' loc='26.85'          country='NP' region='Asia'        demo='n' n='Tamang, Eastern'/>
  <udhr l='tam'                uli='ta'             bcp47='ta'             ohchr='tcv'    stage='4'  pdf='y' notes='n' loc='12,79'          country='IN' region='Asia'        demo='y' n='Tamil'/>
  <udhr l='tat'                uli='tt'             bcp47='tt'             ohchr='ttr'    stage='4'  pdf='y' notes='n' loc='57,49'          country='RU' region='Europe'      demo='n' n='Tatar'/>
  <udhr l='tbz'                uli='tbz'            bcp47=''               ohchr='tbz'    stage='4'  pdf='y' notes='n' loc='10.2,1.2'       country='BJ' region='Africa'      demo='n' n='Ditammari'/>
  <udhr l='tca'                uli='tca'            bcp47=''               ohchr='tca'    stage='4'  pdf='y' notes='n' loc='-3,-68'         country='BR' region='Americas'    demo='n' n='Ticuna'/>
  <udhr l='tel'                uli='te'             bcp47='te'             ohchr='tcw'    stage='2'  pdf='n' notes='n' loc='16,80'          country='IN' region='Asia'        demo='n' n='Telugu'/>
  <udhr l='tem'                uli='tem'            bcp47=''               ohchr='tej'    stage='4'  pdf='y' notes='y' loc='8.5,-12.5'      country='SL' region='Africa'      demo='n' n='Themne'/>
  <udhr l='tet'                uli='tet'            bcp47=''               ohchr='ttm'    stage='4'  pdf='y' notes='n' loc='-9,125'         country='ID' region='Asia'        demo='n' n='Tetun'/>
  <udhr l='tgk'                uli='tg'             bcp47='tg'             ohchr='pet'    stage='4'  pdf='y' notes='n' loc='38,70'          country='TJ' region='Asia'        demo='n' n='Tajiki'/>
  <udhr l='tgl'                uli='tl'             bcp47='tl'             ohchr='tgl'    stage='4'  pdf='y' notes='n' loc='14.5,121'       country='PH' region='Asia'        demo='n' n='Tagalog'/>
  <udhr l='tgl' v='tglg'       uli='tl-Tglg'        bcp47='tl-Tglg'        ohchr=''       stage='1'  pdf='y' notes='n' loc='14.5,122'       country='PH' region='Asia'        demo='y' n='Tagalog' nv='Tagalog'/>
  <udhr l='tha'                uli='th'             bcp47='th'             ohchr='thj'    stage='4'  pdf='y' notes='n' loc='14,100'         country='TH' region='Asia'        demo='y' n='Thai'/>
  <udhr l='tir'                uli='ti'             bcp47='ti'             ohchr='tgn'    stage='4'  pdf='y' notes='n' loc='15.5,39'        country='ET' region='Africa'      demo='y' n='Tigrigna'/>
  <udhr l='tiv'                uli='tiv'            bcp47='tiv'            ohchr='tiv'    stage='4'  pdf='y' notes='n' loc='7.5,9'          country='NG' region='Africa'      demo='n' n='Tiv'/>
  <udhr l='tob'                uli='tob'            bcp47=''               ohchr='tob'    stage='4'  pdf='y' notes='n' loc='-28,-56'        country='AR' region='Americas'    demo='n' n='Toba'/>
  <udhr l='toi'                uli='toi'            bcp47=''               ohchr='toi'    stage='4'  pdf='y' notes='n' loc='-15,25'         country='ZM' region='Africa'      demo='n' n='Tonga'/>
  <udhr l='toj'                uli='toj'            bcp47=''               ohchr='toj'    stage='4'  pdf='y' notes='n' loc='16.2,-91.8'     country='MX' region='Americas'    demo='n' n='Tojolabal'/>
  <udhr l='ton'                uli='to'             bcp47='to'             ohchr='tov'    stage='4'  pdf='y' notes='n' loc='-21,-175'       country='TO' region='Pacific'     demo='n' n='Tongan'/>
  <udhr l='top'                uli='top'            bcp47=''               ohchr='top'    stage='4'  pdf='y' notes='n' loc='20.5,-97.0'     country='MX' region='Americas'    demo='n' n='Totonac, Papantla'/>
  <udhr l='tpi'                uli='tpi'            bcp47='tpi'            ohchr='pdg'    stage='4'  pdf='y' notes='n' loc='-6,150'         country='PG' region='Pacific'     demo='n' n='Tok Pisin'/>
  <udhr l='tsn'                uli='tn'             bcp47='tn'             ohchr='tsw'    stage='4'  pdf='y' notes='n' loc='-23.5,26'       country='BW' region='Africa'      demo='n' n='Tswana'/>
  <udhr l='tso' v='MZ'         uli=''               bcp47=''               ohchr='tso'    stage='4'  pdf='y' notes='n' loc='-23,33'         country=''   region=''            demo='n' n='Tsonga (Mozambique)'/>
  <udhr l='tsz'                uli='tsz'            bcp47=''               ohchr='1112'   stage='4'  pdf='y' notes='n' loc='19,-102.0'      country='MX' region='Americas'    demo='n' n='Purepecha'/>
  <udhr l='tuk' v='cyrl'       uli='tk-Cyrl'        bcp47='tk-Cyrl'        ohchr='tck'    stage='4'  pdf='y' notes='n' loc='40,60'          country='TM' region='Asia'        demo='n' n='Turkmen' nv='Cyrillic'/>
  <udhr l='tuk' v='latn'       uli='tk-Latn'        bcp47='tk-Latn'        ohchr=''       stage='4'  pdf='y' notes='n' loc='41,60'          country='TM' region='Asia'        demo='n' n='Turkmen' nv='Latin'/>
  <udhr l='tur'                uli='tr'             bcp47='tr'             ohchr='trk'    stage='4'  pdf='y' notes='n' loc='39,32'          country='TR' region='Asia'        demo='n' n='Turkish'/>
  <udhr l='tzc'                uli='tzc'            bcp47=''               ohchr='tzc'    stage='4'  pdf='y' notes='n' loc='16.5,-93.0'     country='MX' region='Americas'    demo='n' n='Tzotzil, Chamula'/>
  <udhr l='tzh'                uli='tzh'            bcp47=''               ohchr='tzc1'   stage='4'  pdf='y' notes='n' loc='16.5,-92.1'     country='MX' region='Americas'    demo='n' n='Tzeltal, Oxchuc'/>
  <udhr l='tzm'                uli='tzm'            bcp47=''               ohchr='tzm'    stage='4'  pdf='y' notes='n' loc='30,-5'          country='MA' region='Africa'      demo='n' n='Tamazight, Central Atlas'/>
  <udhr l='tzm' v='tfng'       uli='tzm-Tfng'       bcp47=''               ohchr=''       stage='1'  pdf='y' notes='n' loc='30,-6'          country='MA' region='Africa'      demo='y' n='Tamazight, Central Atlas' nv='Tifinagh'/>
  <udhr l='uig' v='arab'       uli='ug-Arab'        bcp47='ug-Arab'        ohchr='uig'    stage='4'  pdf='y' notes='n' loc='36,80'          country='CN' region='Asia'        demo='n' n='Uyghur' nv='Arabic'/>
  <udhr l='uig' v='latn'       uli='ug-Latn'        bcp47='ug-Latn'        ohchr=''       stage='4'  pdf='y' notes='n' loc='36,81'          country='CN' region='Asia'        demo='n' n='Uyghur' nv='Latin'/>
  <udhr l='ukr'                uli='uk'             bcp47='uk'             ohchr='ukr'    stage='4'  pdf='y' notes='n' loc='50,30'          country='UA' region='Europe'      demo='n' n='Ukrainian'/>
  <udhr l='umb'                uli='umb'            bcp47='umb'            ohchr='mnf'    stage='4'  pdf='y' notes='n' loc='-13,15'         country='AO' region='Africa'      demo='n' n='Umbundu'/>
  <udhr l='ura'                uli='ura'            bcp47=''               ohchr='ura'    stage='4'  pdf='y' notes='n' loc='-4.5,-75.5'     country='PE' region='Americas'    demo='n' n='Urarina'/>
  <udhr l='urd'                uli='ur'             bcp47='ur'             ohchr='urd'    stage='3'  pdf='y' notes='n' loc='30,73'          country='PK' region='Asia'        demo='n' n='Urdu'/>
  <udhr l='uzn' v='cyrl'       uli='uz-Cyrl'        bcp47='uzn-Cyrl'       ohchr='uzb1'   stage='4'  pdf='y' notes='n' loc='42,62'          country='UZ' region='Asia'        demo='n' n='Uzbek, Northern' nv='Cyrillic'/>
  <udhr l='uzn' v='latn'       uli='uz-Latn'        bcp47='uzn-Latn'       ohchr='uzb'    stage='4'  pdf='y' notes='y' loc='42,63'          country='UZ' region='Asia'        demo='n' n='Uzbek, Northern' nv='Latin'/>
  <udhr l='vai'                uli='vai'            bcp47='vai'            ohchr=''       stage='4'  pdf='y' notes='n' loc='6.2,-10.5'      country='LR' region='Africa'      demo='y' n='Vai'/>
  <udhr l='ven'                uli=''               bcp47=''               ohchr='tsh'    stage='2'  pdf='n' notes='n' loc='-23,30'         country='ZA' region='Africa'      demo='n' n='Venda'/>
  <udhr l='vie'                uli='vi'             bcp47='vi'             ohchr='vie'    stage='4'  pdf='y' notes='n' loc='12,108'         country='VN' region='Asia'        demo='n' n='Vietnamese'/>
  <udhr l='vmw'                uli=''               bcp47=''               ohchr=''       stage='4'  pdf='y' notes='n' loc='12,108'         country='MZ' region='Africa'      demo='n' n='Makhuwa'/>
  <udhr l='war'                uli='war'            bcp47='war'            ohchr='wry'    stage='4'  pdf='y' notes='n' loc='11.5,125'       country='PH' region='Asia'        demo='n' n='Waray-Waray'/>
  <udhr l='wln'                uli='wa'             bcp47='wa'             ohchr='frn1'   stage='4'  pdf='y' notes='n' loc='50.5,5.5'       country='BE' region='Europe'      demo='n' n='Walloon'/>
  <udhr l='wol'                uli='wo'             bcp47='wo'             ohchr='wol'    stage='4'  pdf='y' notes='n' loc='15.5,-16'       country='SN' region='Africa'      demo='n' n='Wolof'/>
  <udhr l='wwa'                uli='wwa'            bcp47=''               ohchr='ako'    stage='4'  pdf='y' notes='n' loc='10.5,1.7'       country='BJ' region='Africa'      demo='n' n='Waama'/>
  <udhr l='xho'                uli='xh'             bcp47='xh'             ohchr='xos'    stage='4'  pdf='y' notes='n' loc='-28,28'         country='ZA' region='Africa'      demo='n' n='Xhosa'/>
  <udhr l='xsm'                uli='xsm'            bcp47=''               ohchr='kas'    stage='4'  pdf='y' notes='n' loc='11,-1.2'        country='BF' region='Africa'      demo='n' n='Kasem'/>
  <udhr l='yad'                uli='yad'            bcp47=''               ohchr='yad'    stage='4'  pdf='y' notes='n' loc='-3.5,-73'       country='PE' region='Americas'    demo='n' n='Yagua'/>
  <udhr l='yao'                uli='yao'            bcp47=''               ohchr='yao'    stage='4'  pdf='y' notes='n' loc='-14.5,36'       country='MW' region='Africa'      demo='n' n='Yao'/>
  <udhr l='yap'                uli='yap'            bcp47='yap'            ohchr='yps'    stage='4'  pdf='y' notes='n' loc='10,138'         country='FM' region='Pacific'     demo='n' n='Yapese'/>
  <udhr l='ydd'                uli='yi'             bcp47='yi'             ohchr='ydd'    stage='4'  pdf='y' notes='n' loc='31,35'          country='IL' region='Asia'        demo='n' n='Yiddish, Eastern'/>
  <udhr l='ykg'                uli='ykg'            bcp47=''               ohchr='ykg'    stage='4'  pdf='y' notes='n' loc='58,160'         country='RU' region='Asia'        demo='n' n='Yukaghir, Northern'/>
  <udhr l='yor'                uli='yo'             bcp47='yo'             ohchr='yor'    stage='4'  pdf='y' notes='n' loc='8,4'            country='NG' region='Africa'      demo='n' n='Yoruba'/>
  <udhr l='yua'                uli='yua'            bcp47=''               ohchr='yua'    stage='4'  pdf='y' notes='n' loc='20.0,-89.0'     country='MX' region='Americas'    demo='n' n='Maya, Yucatán'/>
  <udhr l='zam'                uli='zam'            bcp47=''               ohchr='zam'    stage='4'  pdf='y' notes='n' loc='16.2,-96.6'     country='MX' region='Americas'    demo='n' n='Zapotec, Miahuatlán'/>
  <udhr l='ztu'                uli='ztu'            bcp47=''               ohchr='ztu1'   stage='4'  pdf='y' notes='n' loc='16.9,-96.5'     country='MX' region='Americas'    demo='n' n='Zapotec, Güilá'/>
  <udhr l='zul'                uli='zu'             bcp47='zu'             ohchr='zuu'    stage='4'  pdf='y' notes='y' loc='-28,29'         country='ZA' region='Africa'      demo='n' n='Zulu'/>
</udhrs>
